design_id,raw_score
design_108.1,0.5838922513862128
design_469.1,0.3779458560754993
design_263.1,0.3198456456318402
design_919.1,0.3169313641163296
design_294.1,0.3140679117156333
design_71.1,0.30549556391158555
design_461.1,0.3049171803739246
design_702.1,0.30067472215126595
design_441.1,0.2996108764741869
design_796.1,0.2992866716436371
design_443.1,0.2991280265320778
design_567.1,0.2954754710033254
design_141.1,0.29506884703199004
design_770.1,0.29127118686783354
design_412.1,0.2831116396507312
design_70.1,0.27866458996943744
design_228.1,0.27660894658123997
design_945.1,0.26787343856857837
design_811.1,0.26622521147115547
design_887.1,0.26430656943064396
design_462.1,0.2621108389601878
design_628.1,0.26197172416270664
design_392.1,0.2603232281965465
design_606.1,0.25959334466450307
design_791.1,0.2577062253704823
design_641.1,0.25575041854220276
design_358.1,0.2554876073923861
design_22.1,0.2543688960909064
design_611.1,0.25175004156189984
design_777.1,0.2483609647396743
design_393.1,0.24650034107464788
design_609.1,0.24323063913872783
design_802.1,0.24312457138359125
design_491.1,0.24004459442347056
design_215.1,0.23818331321401395
design_390.1,0.2379526907993312
design_19.1,0.23671123621087511
design_603.1,0.23655547396338683
design_779.1,0.234791279410141
design_419.1,0.23390804862898065
design_666.1,0.23360142679928683
design_864.1,0.23339463822796008
design_363.1,0.2327523904705058
design_773.1,0.23045984178477205
design_618.1,0.22989999143506737
design_783.1,0.22859507354138764
design_719.1,0.22829504740844214
design_521.1,0.2263490608549294
design_753.1,0.22397036519565533
design_273.1,0.22263129913056898
design_384.1,0.22217809394874613
design_356.1,0.22026565788627445
design_935.1,0.22005695757771715
design_4.1,0.2199204022034915
design_394.1,0.21922075822714368
design_130.1,0.2190254670183921
design_583.1,0.21892546068102248
design_480.1,0.2175699122019675
design_815.1,0.2174618821960344
design_235.1,0.21731385522080923
design_293.1,0.21644138775219812
design_209.1,0.21554373015591516
design_701.1,0.21534726018926845
design_911.1,0.21529556003048878
design_716.1,0.2146176844351954
design_123.1,0.21392013273707086
design_710.1,0.21367393460442557
design_504.1,0.21360877263795655
design_636.1,0.21350705019047325
design_191.1,0.21324248088599607
design_327.1,0.21323870857872332
design_78.1,0.21294181893482053
design_472.1,0.21267565545613237
design_401.1,0.2126477544524878
design_15.1,0.21262566834651442
design_517.1,0.2117855050621282
design_176.1,0.21124988404426853
design_333.1,0.21064789195902578
design_554.1,0.21060550732097447
design_233.1,0.21058035815833
design_501.1,0.21037212002744068
design_420.1,0.2102630701698373
design_168.1,0.2097280261232938
design_432.1,0.20916981546375193
design_7.1,0.20912999875930524
design_231.1,0.20909096256044088
design_985.1,0.20903998987974093
design_221.1,0.20888405391554585
design_268.1,0.20871800270049873
design_553.1,0.20833700419830495
design_816.1,0.20820231689196522
design_589.1,0.20760035797518275
design_972.1,0.20755766216138535
design_561.1,0.20755457978189204
design_346.1,0.20720888714566557
design_284.1,0.20709641053735656
design_142.1,0.2067857824551887
design_760.1,0.20644431153776074
design_117.1,0.20643134648477357
design_188.1,0.20640888930289228
design_422.1,0.2063180792897073
design_563.1,0.20607914599629673
design_225.1,0.20603538888001066
design_979.1,0.2059596867225696
design_237.1,0.2057362166371941
design_540.1,0.20566548885228753
design_51.1,0.20559555325415899
design_103.1,0.20549756576527353
design_672.1,0.20496619834967236
design_709.1,0.20426155972825308
design_658.1,0.20415987299668592
design_260.1,0.20414371664447967
design_526.1,0.20397357010010894
design_213.1,0.20370359179697473
design_549.1,0.20349391540127706
design_222.1,0.20348530042331628
design_729.1,0.2032484827406674
design_478.1,0.20301007377613547
design_146.1,0.20265479071429218
design_576.1,0.20261603267310566
design_113.1,0.20220942094823663
design_236.1,0.20210218995458518
design_983.1,0.20197198379946363
design_38.1,0.20190846399062654
design_145.1,0.20185268565797107
design_410.1,0.20164022376232957
design_378.1,0.20090017403122293
design_896.1,0.20085056861282813
design_651.1,0.20061560316945765
design_99.1,0.20050045880163625
design_120.1,0.20047037308049634
design_207.1,0.20035206298425892
design_941.1,0.200154804548921
design_552.1,0.20003550217057048
design_828.1,0.20002670218871832
design_737.1,0.19991760424561153
design_671.1,0.19957887155997286
design_210.1,0.1994059161843798
design_375.1,0.19929241672803633
design_564.1,0.198742134189147
design_343.1,0.19871818166030736
design_867.1,0.19868913230444
design_59.1,0.19865511418566723
design_259.1,0.19864067032062602
design_516.1,0.1983154347431502
design_921.1,0.19788368460095687
design_861.1,0.19772189230988735
design_244.1,0.1976478782527813
design_956.1,0.19761578496741294
design_612.1,0.19741648502367196
design_915.1,0.19739625186241366
design_677.1,0.19734078227790902
design_72.1,0.19730648874534368
design_699.1,0.19714205918170175
design_8.1,0.19712348040307234
design_300.1,0.19710855811301153
design_224.1,0.19706393340865938
design_430.1,0.19702038871946267
design_34.1,0.19687457000904782
design_799.1,0.19683657417509165
design_744.1,0.1968292436400358
design_190.1,0.19680945022820978
design_573.1,0.19680221166019596
design_999.1,0.19673987400805032
design_435.1,0.19673640660466604
design_515.1,0.19670880143171937
design_454.1,0.19667820461643196
design_842.1,0.19666264189878419
design_230.1,0.19652120830576947
design_801.1,0.19628422444511695
design_242.1,0.1962773578676336
design_866.1,0.19612481008108804
design_800.1,0.1957418956753178
design_739.1,0.19534005209332078
design_718.1,0.19517187142911582
design_936.1,0.19507948542610104
design_730.1,0.19492212412196427
design_137.1,0.1948202357442649
design_740.1,0.19474204056536656
design_449.1,0.1945677538543153
design_717.1,0.19452873061802675
design_704.1,0.19443708590930436
design_502.1,0.1944021572214238
design_681.1,0.19437739750175356
design_1.1,0.19430565750357798
design_492.1,0.19430365092143706
design_279.1,0.19425028060995367
design_805.1,0.19413446236596887
design_873.1,0.19393154039678973
design_411.1,0.1936458066554541
design_416.1,0.19337458143895384
design_868.1,0.19334975385267542
design_266.1,0.19332588830753317
design_555.1,0.19332381586971972
design_277.1,0.19327210335008888
design_513.1,0.19321062216008125
design_109.1,0.19298316908276664
design_667.1,0.19272012540606853
design_264.1,0.19255084704997955
design_608.1,0.19254565294086237
design_193.1,0.19242603952990983
design_349.1,0.1923675438709238
design_261.1,0.19233401340457493
design_413.1,0.192177297515925
design_118.1,0.19213417060261567
design_736.1,0.19210538232723137
design_870.1,0.19203383957501138
design_140.1,0.19194838260861266
design_509.1,0.1919198964752016
design_639.1,0.19174706960448532
design_177.1,0.19170558306067834
design_216.1,0.19157720335684256
design_546.1,0.1915495613682259
design_286.1,0.19151134329542502
design_476.1,0.19147875646244186
design_206.1,0.19139117496289845
design_382.1,0.19101926838309335
design_765.1,0.19101446717371554
design_88.1,0.1909388474764755
design_551.1,0.19090732202362196
design_348.1,0.19087286178577537
design_962.1,0.19087107497910824
design_325.1,0.19080354783180264
design_818.1,0.19079237281358072
design_124.1,0.1907484576636253
design_860.1,0.19073923047924848
design_557.1,0.19060021660160142
design_12.1,0.19055930793744172
design_624.1,0.19043218414741106
design_250.1,0.19031542466331894
design_990.1,0.19030008522689992
design_756.1,0.19023773891126242
design_920.1,0.19020553330649184
design_966.1,0.19020206660412253
design_520.1,0.18996810255457955
design_633.1,0.1899127295367598
design_808.1,0.18972234284445652
design_532.1,0.18954588800361344
design_721.1,0.18946784109808046
design_988.1,0.18941317637736663
design_253.1,0.18933484723130173
design_105.1,0.18920991199798254
design_342.1,0.18918841077250065
design_64.1,0.18902696252853532
design_473.1,0.189017075123648
design_318.1,0.18883205987622267
design_522.1,0.18881670849276255
design_829.1,0.18881554330524708
design_433.1,0.18870559475264584
design_869.1,0.18870463316767147
design_776.1,0.1884747203666855
design_308.1,0.18836470149897533
design_251.1,0.18825196680247414
design_407.1,0.18814370447505724
design_383.1,0.18812893577689713
design_154.1,0.18808541202539095
design_848.1,0.1880748927358998
design_466.1,0.18805212396918408
design_496.1,0.18803922441177143
design_634.1,0.187964158016496
design_669.1,0.1878801980200389
design_345.1,0.18786871235444955
design_690.1,0.18777630255115677
design_385.1,0.18770289179091804
design_838.1,0.1876970519613693
design_408.1,0.187660474464994
design_255.1,0.187654807306852
design_616.1,0.18759455764134694
design_781.1,0.1875483554686606
design_857.1,0.18750952233171425
design_643.1,0.18750841448760208
design_437.1,0.18750816586324304
design_518.1,0.1874854990009052
design_644.1,0.18742419115253034
design_257.1,0.18741244675493077
design_895.1,0.187382159447618
design_234.1,0.18730566557110098
design_647.1,0.18716619832019193
design_167.1,0.18711516129691916
design_686.1,0.1870783681716489
design_833.1,0.18702292663535422
design_578.1,0.18699167340048756
design_202.1,0.18699071130096995
design_417.1,0.18688370648017263
design_379.1,0.1867022201394674
design_179.1,0.1866548546695679
design_961.1,0.18661503714378583
design_299.1,0.18661388729976985
design_76.1,0.18651534339197057
design_562.1,0.18642301886580057
design_913.1,0.18618593945407036
design_621.1,0.1860880452736523
design_445.1,0.18605475364523183
design_874.1,0.18602371917996793
design_219.1,0.18596724171985884
design_548.1,0.18584761047950457
design_434.1,0.1858398360101085
design_493.1,0.18580059101263816
design_87.1,0.1857679721902352
design_939.1,0.18572617534909702
design_614.1,0.18572215536256392
design_630.1,0.18557255154829397
design_468.1,0.18555153378541822
design_380.1,0.1855364943919571
design_116.1,0.1855012251126624
design_291.1,0.1854696985028217
design_6.1,0.18541693221727698
design_872.1,0.18531264955346854
design_846.1,0.18529867723205376
design_558.1,0.18519616121150648
design_656.1,0.1849861532728865
design_488.1,0.1848151651694955
design_893.1,0.1847674055021761
design_778.1,0.1846567498525436
design_66.1,0.18461829777793787
design_94.1,0.18455127735084373
design_978.1,0.184491132727825
design_229.1,0.1844764191727268
design_804.1,0.1844739950164686
design_21.1,0.18444982010508892
design_79.1,0.1843935256363731
design_786.1,0.1842993074629345
design_274.1,0.18429751202360606
design_826.1,0.18427759034581426
design_678.1,0.18421787771806372
design_742.1,0.18412728119645017
design_523.1,0.18409842902138984
design_824.1,0.18403132820825344
design_676.1,0.18396763880411038
design_596.1,0.18390412412102344
design_587.1,0.18379044955652044
design_599.1,0.18377025670278915
design_918.1,0.18368713108680404
design_101.1,0.18365068852279515
design_542.1,0.18364521456753327
design_582.1,0.18354887490404667
design_954.1,0.18351429975031636
design_830.1,0.18347647294385303
design_543.1,0.18347640921807098
design_100.1,0.18340638311351407
design_195.1,0.18338720990521873
design_601.1,0.18334488582246902
design_247.1,0.18332808013487478
design_283.1,0.18329436786951706
design_36.1,0.18328858106252385
design_662.1,0.18323424368176153
design_794.1,0.18317969577720591
design_688.1,0.18309970625926159
design_547.1,0.18308715490228272
design_823.1,0.18301417059421313
design_494.1,0.1829793139471094
design_58.1,0.18293919076399234
design_560.1,0.18290167129351248
design_11.1,0.18273027143715545
design_275.1,0.18263807999669668
design_119.1,0.18254766228732927
design_369.1,0.1825219143794093
design_981.1,0.1825043745990175
design_959.1,0.18248964334251802
design_822.1,0.18237212625720534
design_878.1,0.18235887308924056
design_975.1,0.18220648263280487
design_317.1,0.18216371955777397
design_436.1,0.1821119281749302
design_754.1,0.18210246871322283
design_817.1,0.18204414715778816
design_898.1,0.18198544486344412
design_487.1,0.18195317383320586
design_534.1,0.18189014632900932
design_977.1,0.1818111790758245
design_280.1,0.18171317179411595
design_622.1,0.18157856647631557
design_453.1,0.1815495386337287
design_217.1,0.18152497175771173
design_160.1,0.18150391642998523
design_166.1,0.18150133453423187
design_928.1,0.18148120575772897
design_328.1,0.18141791173174449
design_25.1,0.18140998402137454
design_450.1,0.18123119964980605
design_365.1,0.18117174461300892
design_684.1,0.18117079058597843
design_926.1,0.18116919038476556
design_128.1,0.18104778575961275
design_424.1,0.18104240356663648
design_267.1,0.18103049262417456
design_749.1,0.18098369323653227
design_897.1,0.18096436320763282
design_821.1,0.180907566596664
design_720.1,0.18086516224073562
design_403.1,0.18081580954727625
design_362.1,0.18080124764823358
design_771.1,0.18076803576325323
design_41.1,0.18074237812785143
design_18.1,0.18066067912739964
design_992.1,0.18042033573501798
design_682.1,0.18039978679482546
design_285.1,0.18039413278940553
design_840.1,0.18035746119682053
design_42.1,0.1801656782778805
design_787.1,0.1800711144738872
design_705.1,0.18005987002910054
design_312.1,0.17996544909992462
design_858.1,0.17960341500754268
design_91.1,0.1795950199026468
design_986.1,0.17951555664966692
design_337.1,0.17946876566259706
design_591.1,0.17937881824136181
design_784.1,0.17937851175998507
design_519.1,0.17936503488929512
design_750.1,0.17932972003321285
design_270.1,0.17931615067432172
design_414.1,0.17926724057153062
design_577.1,0.17926653992759786
design_314.1,0.17915038389012783
design_399.1,0.1791184878797496
design_45.1,0.1790733017161123
design_139.1,0.1790244395510567
design_460.1,0.17898106986005888
design_457.1,0.1789700736880513
design_650.1,0.17887927831910372
design_942.1,0.1787865773327168
design_629.1,0.17876993936324137
design_0.1,0.17875391835431487
design_32.1,0.1787277118142699
design_951.1,0.1787121067185213
design_952.1,0.17860670155112507
design_307.1,0.17859863378464033
design_715.1,0.17844090268881765
design_793.1,0.17842015444555487
design_245.1,0.17837863038416665
design_991.1,0.1783776054496459
design_537.1,0.17835513580782691
design_685.1,0.17834274044176726
design_315.1,0.17831610580137205
design_194.1,0.17830484703073252
design_30.1,0.17828961871371318
design_65.1,0.178207711812258
design_171.1,0.1782035710125575
design_585.1,0.1781394587390791
design_98.1,0.17813540195943398
design_199.1,0.1780725390702992
design_304.1,0.17803135803930828
design_495.1,0.1779964807413708
design_886.1,0.1779762621761284
design_973.1,0.17796739644993081
design_169.1,0.1779146780550999
design_646.1,0.17790463203742946
design_465.1,0.1778939523304068
design_77.1,0.17788331259224416
design_512.1,0.17785477392971744
design_877.1,0.1777730977568476
design_568.1,0.17769266857107063
design_197.1,0.17766044841365178
design_331.1,0.1776056485122763
design_508.1,0.17747088332819874
design_386.1,0.1774449599644791
design_133.1,0.17743021300593015
design_456.1,0.1773093093678542
design_357.1,0.1773085607615653
design_692.1,0.17730228723155556
design_592.1,0.17728920754812824
design_248.1,0.17727631525095075
design_673.1,0.1772434142769721
design_880.1,0.17720687293302603
design_489.1,0.17714575583021724
design_60.1,0.17714309894790478
design_111.1,0.17712319186918501
design_149.1,0.17708620695879915
design_581.1,0.17702385970469264
design_497.1,0.17697869740985162
design_948.1,0.17696755642351453
design_859.1,0.17689457326211735
design_943.1,0.1768719720549835
design_344.1,0.17685536271676228
design_789.1,0.1768456252142551
design_418.1,0.17683602811329263
design_663.1,0.17683103742636921
design_102.1,0.17681297077951588
design_914.1,0.1767357604420861
design_446.1,0.1767104273340937
design_506.1,0.17668122486727766
design_187.1,0.17668013873871546
design_732.1,0.17667734635063362
design_971.1,0.176566811370286
design_751.1,0.17653178425623242
design_854.1,0.17651437568842393
design_254.1,0.17649346312972863
design_881.1,0.17643088374376636
design_843.1,0.17642569655260137
design_659.1,0.17639760987141423
design_807.1,0.1763342295048892
design_135.1,0.17626844435832065
design_727.1,0.1762549830043085
design_976.1,0.17619463604956592
design_258.1,0.17619411947868496
design_211.1,0.17618286964202726
design_691.1,0.17616213358623786
design_892.1,0.17614425991249483
design_297.1,0.1761226251673714
design_763.1,0.17608349538540366
design_626.1,0.1760325504095521
design_351.1,0.1760163377542641
design_572.1,0.17600858041325815
design_203.1,0.17600523718965494
design_321.1,0.17597068864543497
design_505.1,0.17589748955080622
design_970.1,0.17589688549899637
design_482.1,0.17588689801602064
design_714.1,0.17586406793118284
design_747.1,0.17583095186948297
design_158.1,0.17583018247022766
design_151.1,0.17575987355371828
design_713.1,0.17571951828120208
design_544.1,0.17569144072799903
design_593.1,0.1756432869498774
design_969.1,0.1756412566879748
design_282.1,0.17563569926039194
design_649.1,0.175625642068023
design_910.1,0.17560497665884206
design_106.1,0.17560273534642531
design_426.1,0.17556595521065937
design_143.1,0.17553461111886523
design_499.1,0.17552481329111747
design_355.1,0.17551824945253158
design_368.1,0.17551768716646873
design_774.1,0.17549627538645135
design_500.1,0.175417278821826
design_28.1,0.17538380044184407
design_580.1,0.17535304253103662
design_404.1,0.17529196281362538
design_788.1,0.17522997389627595
design_183.1,0.1751850793210103
design_366.1,0.17511021878757707
design_514.1,0.1751079764098012
design_902.1,0.17505824392453817
design_220.1,0.17488629441067532
design_334.1,0.17487832497906572
design_134.1,0.1748184124538863
design_35.1,0.17475681800120388
design_957.1,0.17470972285715167
design_249.1,0.17463010070357893
design_490.1,0.17459231510157405
design_535.1,0.1745325190947302
design_23.1,0.17452407789853877
design_83.1,0.17444740487746563
design_62.1,0.17441184181721694
design_839.1,0.1743962337576222
design_56.1,0.17436895801677751
design_33.1,0.17435234115688786
design_930.1,0.1743431373244565
design_871.1,0.17433272531074853
design_752.1,0.17430481453080165
design_329.1,0.1742626784239149
design_376.1,0.1742591305130043
design_731.1,0.17420571780888972
design_49.1,0.17420240442432086
design_185.1,0.17420014059723338
design_138.1,0.17405471928155128
design_20.1,0.1740120203983495
design_339.1,0.17400340916653365
design_26.1,0.1739363914009177
design_619.1,0.17390497429992718
design_899.1,0.1738886125732474
design_438.1,0.1738681754874167
design_467.1,0.17373873854707364
design_668.1,0.17372180791657366
design_623.1,0.17370385611771225
design_764.1,0.1736768546782252
design_758.1,0.1736600554969345
design_511.1,0.17362082266979362
design_313.1,0.17361699103635572
design_903.1,0.1735888461880744
design_347.1,0.17357422579881873
design_792.1,0.1735509537017519
design_680.1,0.17344506082334235
design_769.1,0.17335906125092473
design_48.1,0.1733586993233958
design_295.1,0.17328684408481168
design_797.1,0.17328525369143485
design_271.1,0.17326616861356142
design_865.1,0.17323249237282412
design_301.1,0.17308275094933198
design_531.1,0.1730740429706227
design_335.1,0.1729720381853327
design_17.1,0.17295676099349255
design_208.1,0.17295515700238187
design_566.1,0.17290506477243925
design_894.1,0.17289882443412244
design_782.1,0.1728979161387271
design_748.1,0.1728891711815989
design_510.1,0.17287890399020434
design_240.1,0.17276113553354439
design_330.1,0.17265828654784615
design_180.1,0.172561849857258
design_917.1,0.17249315527263395
design_648.1,0.17247074597121032
design_590.1,0.17239799406904216
design_309.1,0.17238829798837982
design_922.1,0.1723771660653891
design_707.1,0.17207369883544418
design_47.1,0.17204520401301324
design_3.1,0.17199667183484282
design_39.1,0.17199057451243285
design_697.1,0.17197701757004497
design_471.1,0.17197296251638494
design_938.1,0.1719391638002437
design_322.1,0.17190038263565446
design_46.1,0.17180473994057988
design_238.1,0.1717634841325853
design_625.1,0.17170790679316458
design_400.1,0.17169997666998985
design_584.1,0.1716627866141396
design_916.1,0.17166129419833132
design_159.1,0.1715397600026241
design_556.1,0.17149860685230936
design_908.1,0.17149711116902258
design_835.1,0.17147412381573696
design_9.1,0.17145148991079226
design_708.1,0.17139293823033774
design_316.1,0.1713876702290825
design_227.1,0.1713646187980728
design_725.1,0.17136090116959277
design_252.1,0.17126396582984232
design_757.1,0.1712462991822303
design_298.1,0.17123655080059005
design_459.1,0.17115309189326425
design_152.1,0.17112271246496608
design_834.1,0.1711117845738123
design_775.1,0.17108560015556717
design_533.1,0.17107033255436743
design_218.1,0.1709494190660076
design_790.1,0.17091610258754736
design_464.1,0.17088786396291775
design_862.1,0.1708512541365746
design_406.1,0.17069672246217685
design_617.1,0.17068935473298352
design_389.1,0.17065881029205188
design_738.1,0.1706445415329701
design_165.1,0.17061806057754775
design_398.1,0.17059673249726226
design_110.1,0.17057596705485065
design_484.1,0.1704948148612265
design_925.1,0.1704639954639852
design_425.1,0.17045511688985562
design_82.1,0.1704208115120194
design_479.1,0.17038839272638676
design_924.1,0.17038706422122601
design_982.1,0.1702769346604496
design_635.1,0.17025166929128832
design_371.1,0.17024899970745738
design_528.1,0.17023193188051391
design_841.1,0.17022424622124302
design_595.1,0.17022035254735327
design_409.1,0.17021766696354387
design_93.1,0.17009691008102376
design_819.1,0.17009098804390044
design_96.1,0.1700609104928383
design_353.1,0.17004827633988065
design_541.1,0.17004633459989069
design_16.1,0.17002915753950887
design_724.1,0.17001970254854543
design_588.1,0.16994014203381985
design_442.1,0.16993145679203045
design_847.1,0.1699217840994962
design_178.1,0.1699005658987732
design_452.1,0.16988216869487738
design_996.1,0.16981543258033086
design_827.1,0.16980729275562556
design_483.1,0.16978652754109186
design_164.1,0.1697677164933774
design_767.1,0.16972054939031087
design_97.1,0.16969918209937493
design_155.1,0.16968890149039675
design_780.1,0.16952454244824508
design_631.1,0.16951095288241338
design_958.1,0.16949880879903703
design_421.1,0.16949246285355898
design_569.1,0.16947842437926586
design_598.1,0.16945623075714472
design_311.1,0.16938508696790264
design_785.1,0.16935750760730983
design_53.1,0.16933455145345647
design_602.1,0.16933277883154246
design_741.1,0.16927204544567911
design_324.1,0.16921885148905996
design_855.1,0.16920006650712674
design_372.1,0.16919694025572554
design_755.1,0.16913580243267606
design_937.1,0.16905893338732647
design_127.1,0.16905505965165904
design_550.1,0.16904000087458532
design_477.1,0.16902628002551132
design_734.1,0.168988284613332
design_405.1,0.16897700583944575
design_162.1,0.16888932082492228
design_262.1,0.16888192289049467
design_68.1,0.1688092264907447
design_239.1,0.1687708202512214
design_657.1,0.1687555213921052
design_529.1,0.16870412048161643
design_373.1,0.16868065821117514
design_967.1,0.16867375260198658
design_524.1,0.1686043686479517
design_200.1,0.16859392181545926
design_498.1,0.16854526925104346
design_428.1,0.16853388929449817
design_849.1,0.16851615125454938
design_836.1,0.16851464797794555
design_885.1,0.16845889472863326
design_696.1,0.1684582704483891
design_960.1,0.16844789938409643
design_427.1,0.1684080381749418
design_131.1,0.16837408481990063
design_463.1,0.16834249459735262
design_974.1,0.16831404936111113
design_89.1,0.16813265795997345
design_607.1,0.16812153181577721
design_851.1,0.1681055678126131
design_597.1,0.16806431800984956
design_129.1,0.16803848676351618
design_695.1,0.16803812630198406
design_525.1,0.16801421062374305
design_189.1,0.16785024389172462
design_54.1,0.1678372387810142
design_391.1,0.16782083485863436
design_923.1,0.16780448904018097
design_806.1,0.16778726010998055
design_272.1,0.16770266979317236
design_674.1,0.16764790557312859
design_879.1,0.16759019427553923
design_455.1,0.16744038531338265
design_205.1,0.16740866660462483
design_440.1,0.1673615081411693
design_989.1,0.16735535697392856
design_909.1,0.167340998388477
design_354.1,0.16732362257677133
design_475.1,0.16730709019775578
design_703.1,0.16729587698464085
design_664.1,0.16729288764763378
design_615.1,0.16725257160954854
design_575.1,0.16722656314776133
design_288.1,0.16722131522572825
design_604.1,0.16714633289297512
design_579.1,0.16708535565702728
design_40.1,0.1670653338372869
design_905.1,0.16704186180143157
design_944.1,0.16698768679150688
design_803.1,0.16697725977987712
design_69.1,0.1669494231426459
design_212.1,0.1669483728580283
design_107.1,0.16689808041613818
design_766.1,0.16678689030199279
design_326.1,0.16676138090260495
design_429.1,0.1667530340412517
design_998.1,0.16674792333242108
design_660.1,0.16662187850032567
design_987.1,0.16658782810389733
design_198.1,0.16655834057539712
design_332.1,0.16655337539096798
design_772.1,0.16653048163423
design_75.1,0.16651581814488498
design_831.1,0.1665101557738253
design_50.1,0.16645242312754854
design_949.1,0.16625424280904175
design_381.1,0.16616802892270482
design_570.1,0.16612365955670802
design_613.1,0.16603159410189972
design_545.1,0.1659025883023597
design_642.1,0.16588963416914357
design_745.1,0.16587948226935392
design_374.1,0.16569046381865243
design_850.1,0.16562922671438263
design_798.1,0.16560416331255703
design_153.1,0.16557318069669
design_287.1,0.16555128143224335
design_290.1,0.16553495750187291
design_161.1,0.1655230693611567
design_310.1,0.16551569044939046
design_661.1,0.16547905712829203
design_114.1,0.1654653633672268
design_125.1,0.1654558516304028
design_890.1,0.16537367405618547
design_536.1,0.165341955503472
design_485.1,0.1653284708078367
design_689.1,0.16524944067783248
design_276.1,0.16518248431109714
design_63.1,0.1651507481671675
design_86.1,0.16514645944687686
design_884.1,0.16506283953990894
design_980.1,0.16497361000574642
design_95.1,0.16492575957511246
design_670.1,0.16486118357276258
design_832.1,0.1648544445306864
design_44.1,0.1648058649433842
design_726.1,0.16476218809965723
design_305.1,0.1647599887052671
design_929.1,0.16463997735904823
design_984.1,0.16459266275888912
design_85.1,0.16457714700466355
design_883.1,0.16457543322393958
design_946.1,0.1645404833592381
design_243.1,0.16448150572987624
design_170.1,0.16447459839809528
design_447.1,0.16447047702824097
design_997.1,0.16440949152640036
design_795.1,0.1643904266588442
design_14.1,0.16431704048953222
design_175.1,0.16431654820960612
design_837.1,0.16430712489194768
design_723.1,0.1641734316874805
design_43.1,0.16415987606409926
design_192.1,0.16409895359606355
design_934.1,0.1640131313019086
design_735.1,0.16394599611032687
design_303.1,0.16393442320337098
design_665.1,0.1637522647216134
design_296.1,0.16373402115350327
design_845.1,0.1636793116770026
design_341.1,0.16363565441677647
design_172.1,0.16363229839633495
design_474.1,0.16360442682069506
design_950.1,0.16360234525837708
design_995.1,0.1635875460480417
design_223.1,0.16357393129451395
design_527.1,0.16356376114223276
design_746.1,0.1635602994356972
design_486.1,0.16345069160458178
design_201.1,0.16345024017363305
design_196.1,0.16338479892393526
design_370.1,0.1633019298844364
design_174.1,0.1632867716264614
design_156.1,0.16325004694762443
design_825.1,0.16323844978381677
design_809.1,0.16321207257664289
design_144.1,0.163151422010246
design_853.1,0.16310308134256893
design_600.1,0.16304261867516842
design_336.1,0.16302106582957956
design_889.1,0.16296736523368713
design_728.1,0.16286574537174228
design_181.1,0.16284851168348335
design_81.1,0.1628231504227508
design_470.1,0.16267770202968815
design_653.1,0.16254400103460392
design_352.1,0.16250788603798866
design_812.1,0.16249844840392622
design_147.1,0.162410772884712
design_80.1,0.16240497805933718
design_150.1,0.16239340239489217
design_711.1,0.16221848788091636
design_955.1,0.1622046566755831
design_813.1,0.1619960227589731
design_698.1,0.16182764133707228
design_912.1,0.16172111493156127
design_888.1,0.16168750710296104
design_586.1,0.1616802136269445
design_994.1,0.16165275719256786
design_232.1,0.16164759436929055
design_52.1,0.16160016158831408
design_507.1,0.16158647250725358
design_256.1,0.16142900243055483
design_712.1,0.1614247661247044
design_844.1,0.16135563561857114
design_968.1,0.16135192185023875
design_364.1,0.1613045496430955
design_931.1,0.16118479022870652
design_5.1,0.1610800698193733
design_415.1,0.16102896036958272
design_61.1,0.1610249130367309
design_638.1,0.16077666188273756
design_762.1,0.16072143828534946
design_431.1,0.16066899821091216
design_377.1,0.16066679025670602
design_693.1,0.16056731664384238
design_24.1,0.16055545796707055
design_361.1,0.160539529654659
design_876.1,0.16044059035763478
design_338.1,0.16043070455365022
design_761.1,0.16039151399469379
design_856.1,0.16037668562316063
design_340.1,0.16025768345145175
design_759.1,0.16018917048270262
design_444.1,0.16013973773130954
design_31.1,0.16012800468676183
design_882.1,0.16006573460580042
design_940.1,0.1600250161819197
design_84.1,0.16001300121030704
design_29.1,0.1596442965412701
design_637.1,0.1595283735762389
design_733.1,0.1595251520985173
design_679.1,0.1594613653609527
design_90.1,0.15944403127304446
design_953.1,0.15935874122201835
design_265.1,0.15933826195082085
design_320.1,0.15929111520261013
design_900.1,0.15908628188665183
design_451.1,0.15878285734291678
design_632.1,0.15874553613923637
design_323.1,0.15873016798023323
design_302.1,0.158701779985139
design_906.1,0.1586774487167319
design_306.1,0.1586539686265932
design_92.1,0.15862802049783825
design_652.1,0.15855962051113925
design_74.1,0.15844931210914856
design_396.1,0.15842797448614393
design_67.1,0.15835289788338594
design_57.1,0.15834822953125446
design_281.1,0.15826322008896604
design_319.1,0.1582287017072444
design_241.1,0.1581339401637254
design_126.1,0.15812426217618697
design_963.1,0.15807327340510355
design_104.1,0.15802808080167954
design_722.1,0.1579715003866428
design_359.1,0.15792838856348018
design_571.1,0.15786163796816788
design_852.1,0.15775022151732393
design_73.1,0.15774300401654295
design_933.1,0.15764953945246266
design_907.1,0.15750601296613134
design_645.1,0.15747763391200365
design_655.1,0.15735165226199144
design_620.1,0.1572095557311129
design_814.1,0.15714732681230406
design_530.1,0.15711199068508136
design_594.1,0.15711181522882592
design_448.1,0.1570041565706976
design_226.1,0.1569063071912465
design_927.1,0.1568698735655493
design_292.1,0.15681776177636655
design_122.1,0.15663276218686628
design_627.1,0.1565326200812008
design_136.1,0.1564582063399833
design_539.1,0.1564575666092157
design_574.1,0.1563671019097112
design_395.1,0.15633208146103056
design_439.1,0.15623598290722865
design_55.1,0.15494735660190803
design_27.1,0.15490824209391968
design_820.1,0.1548148604657739
design_13.1,0.1546309523855842
design_694.1,0.15461378290519798
design_121.1,0.15448741295868737
design_768.1,0.1544602749053124
design_367.1,0.15445202313697298
design_458.1,0.1543962267415307
design_112.1,0.15424620337719652
design_706.1,0.15413421920119874
design_743.1,0.15411722107218787
design_157.1,0.15386214449024455
design_184.1,0.1537366679788269
design_388.1,0.1536892534070398
design_2.1,0.1534302887829045
design_503.1,0.15331620212912686
design_700.1,0.15326657151226958
design_132.1,0.15326312472045786
design_423.1,0.15320153380385165
design_559.1,0.15306215580600138
design_810.1,0.15301240816669492
design_932.1,0.15276974590457523
design_965.1,0.15242012501255467
design_246.1,0.15222557019843283
design_640.1,0.1519810049506279
design_37.1,0.1518579865306975
design_182.1,0.15173812234034117
design_402.1,0.15167965280765114
design_687.1,0.15127751139752885
design_269.1,0.15124470057489348
design_204.1,0.15112985530643222
design_10.1,0.1510763334763062
design_350.1,0.15076436309209945
design_863.1,0.15034222619816173
design_278.1,0.15017050469332746
design_163.1,0.14991006030713902
design_891.1,0.14938768173183334
design_148.1,0.14922413462380565
design_901.1,0.14822541108744647
design_964.1,0.1481813949328443
design_214.1,0.14814571030871143
design_904.1,0.147629746525187
design_173.1,0.14761455061441425
design_397.1,0.14716685903830126
design_289.1,0.14715902107174275
design_360.1,0.14695927609480447
design_115.1,0.14694056876751224
design_481.1,0.14693418367709243
design_675.1,0.14626954729202604
design_605.1,0.1459150558583439
design_683.1,0.14534901751104506
design_186.1,0.14398439456552237
design_993.1,0.1434173207204521
design_387.1,0.14248490104368472
design_875.1,0.14232131507198997
design_947.1,0.14159653889757046
design_654.1,0.14088292823528756
design_565.1,0.13999673386863676
design_538.1,0.1391682042598401
design_610.1,0.13770820717836899
